{
  "name": "Monster1_Skill_B",
  "rootMotion": {
    "length": 1.66666675,
    "frameRate": 60,
    "tx": [
      -0.0229906049,
      0.0234151613,
      0.0612479225,
      0.0767628,
      0.07690239,
      0.06098139,
      0.0381385162,
      0.0144385621,
      -0.001582004,
      0.00607237266,
      0.0210893229,
      0.0329037942,
      0.0402694345,
      0.03660036,
      0.02735008,
      0.0148268538,
      0.00188056321,
      -0.00766542228,
      -0.0144231739,
      -0.0169874933,
      -0.01758685,
      -0.0180088542,
      -0.0181708224,
      -0.0188723151,
      -0.0192541853,
      -0.0192006715,
      -0.0172812268,
      -0.0121351629,
      -0.00343727879,
      0.011010102,
      0.0269500781,
      0.0448519848,
      0.0527354069,
      0.0327966176,
      0.00297647924,
      -0.0239169728,
      -0.0502901226,
      -0.07624041,
      -0.09588659,
      -0.09982024,
      -0.0987204,
      -0.101419456,
      -0.104048945,
      -0.105458945,
      -0.106008723,
      -0.105882317,
      -0.10526377,
      -0.104337126,
      -0.103286423,
      -0.102139339,
      -0.10072396,
      -0.09928557,
      -0.0969345942,
      -0.09246141,
      -0.08707128,
      -0.0818600357,
      -0.07594656,
      -0.06870638,
      -0.0604651868,
      -0.0510789938,
      -0.04133247,
      -0.0320160724,
      -0.02296858,
      -0.0144363437,
      -0.00598684326,
      0.00284421863,
      0.0117152426,
      0.0203552786,
      0.0290165953,
      0.03796889,
      0.0469736755,
      0.05563313,
      0.0635494143,
      0.0703247041,
      0.07556116,
      0.0789873,
      0.08063178,
      0.08054699,
      0.07878532,
      0.0753991753,
      0.07044094,
      0.06388213,
      0.0559767634,
      0.0472010672,
      0.03803126,
      0.02882132,
      0.019193992,
      0.008873061,
      -0.002140332,
      -0.0146443956,
      -0.0265174881,
      -0.0360868648,
      -0.0428027734,
      -0.0449416675,
      -0.0443513431,
      -0.0423527248,
      -0.03886006,
      -0.034629,
      -0.0304151867,
      -0.0266427379,
      -0.0229908656
    ],
    "ty": [
      0.9781049,
      0.9136207,
      0.8465981,
      0.76898,
      0.6947836,
      0.637766,
      0.59065026,
      0.5387453,
      0.518051267,
      0.5810796,
      0.663606167,
      0.7102609,
      0.7469931,
      0.781766653,
      0.81159246,
      0.8368997,
      0.8581175,
      0.8756752,
      0.8900018,
      0.9015266,
      0.9106787,
      0.91788733,
      0.92358166,
      0.928512633,
      0.9322886,
      0.933625,
      0.931237161,
      0.9238405,
      0.9101505,
      0.8888825,
      0.858752,
      0.821578741,
      0.7695696,
      0.6747614,
      0.6001064,
      0.625443637,
      0.672144532,
      0.679611444,
      0.671924233,
      0.6590662,
      0.651020646,
      0.6558469,
      0.664347649,
      0.668118656,
      0.6696397,
      0.669334948,
      0.667628467,
      0.664944351,
      0.6617068,
      0.658339858,
      0.6552677,
      0.6520561,
      0.650856,
      0.653409,
      0.657715261,
      0.662464857,
      0.6663478,
      0.66928035,
      0.672281861,
      0.6756968,
      0.6798698,
      0.6851453,
      0.691867948,
      0.700382233,
      0.7110326,
      0.7241638,
      0.7401201,
      0.75924623,
      0.7818867,
      0.808660269,
      0.8389264,
      0.871139944,
      0.903755963,
      0.935229361,
      0.9640151,
      0.9885683,
      1.00734377,
      1.02007961,
      1.02804816,
      1.03200579,
      1.03270888,
      1.03091383,
      1.02737689,
      1.02285469,
      1.01810336,
      1.01387942,
      1.01093924,
      1.00886583,
      1.00673914,
      1.00456226,
      1.00233793,
      1.000069,
      0.997758269,
      0.995408535,
      0.9930226,
      0.9906033,
      0.9881535,
      0.985675931,
      0.9831735,
      0.9806489,
      0.978105
    ],
    "tz": [
      -0.017252326,
      0.09272672,
      0.206769139,
      0.327596337,
      0.463297665,
      0.6277046,
      0.806311965,
      0.994298637,
      1.1764437,
      1.33390248,
      1.47272408,
      1.5882169,
      1.69375849,
      1.80262864,
      1.90861893,
      2.009079,
      2.10135865,
      2.18280721,
      2.25077462,
      2.30728054,
      2.3566525,
      2.39970279,
      2.43724346,
      2.47008634,
      2.49904346,
      2.52492714,
      2.54854918,
      2.5716548,
      2.58898973,
      2.59016776,
      2.59343314,
      2.60268521,
      2.650569,
      2.78364921,
      2.96406174,
      3.19641328,
      3.39985752,
      3.46065664,
      3.48209429,
      3.54835773,
      3.60299468,
      3.61590075,
      3.608453,
      3.59399438,
      3.5858686,
      3.586418,
      3.58898377,
      3.593408,
      3.59953332,
      3.607201,
      3.61625385,
      3.62653327,
      3.63788152,
      3.65014052,
      3.66315269,
      3.67675972,
      3.69080377,
      3.70512676,
      3.719571,
      3.7340858,
      3.74877262,
      3.763701,
      3.778941,
      3.794562,
      3.81063461,
      3.827228,
      3.84441257,
      3.86225772,
      3.88083339,
      3.90020943,
      3.920456,
      3.94164228,
      3.96383858,
      3.98567152,
      4.005967,
      4.02509356,
      4.043421,
      4.061317,
      4.079151,
      4.09729242,
      4.11610937,
      4.13597059,
      4.157246,
      4.18030357,
      4.205513,
      4.233242,
      4.2638607,
      4.2977376,
      4.335241,
      4.37334156,
      4.40849733,
      4.44031,
      4.468381,
      4.49231148,
      4.51170349,
      4.52615833,
      4.535278,
      4.54111671,
      4.546369,
      4.551597,
      4.557361
    ],
    "qx": [
      -0.009735674,
      0.110945612,
      0.223817483,
      0.322545528,
      0.394895136,
      0.417324126,
      0.4174204,
      0.418483853,
      0.4098363,
      0.3876458,
      0.354496539,
      0.313461423,
      0.2676133,
      0.217928618,
      0.166233078,
      0.116873533,
      0.0741967857,
      0.04028616,
      0.0142069357,
      -0.00310574658,
      -0.0146973813,
      -0.02310159,
      -0.0289187729,
      -0.0340421721,
      -0.037126787,
      -0.0377911329,
      -0.0350379273,
      -0.0284813847,
      -0.0159055833,
      0.00357387587,
      0.0343371145,
      0.07473895,
      0.143739387,
      0.29734543,
      0.422768027,
      0.38331756,
      0.3067106,
      0.2871596,
      0.28848213,
      0.312475324,
      0.3394139,
      0.3449655,
      0.344748318,
      0.3477892,
      0.349530429,
      0.348211139,
      0.34486568,
      0.340202,
      0.334928125,
      0.329752,
      0.3253816,
      0.320425779,
      0.3201046,
      0.3317007,
      0.347533971,
      0.3614651,
      0.374936253,
      0.387500554,
      0.398710966,
      0.408120543,
      0.415282369,
      0.419749379,
      0.4210747,
      0.41934517,
      0.414655328,
      0.406569451,
      0.39465192,
      0.378467023,
      0.357579082,
      0.332077742,
      0.30332005,
      0.272771716,
      0.241898328,
      0.2121655,
      0.18503888,
      0.1611705,
      0.140006453,
      0.12185289,
      0.105334073,
      0.08903028,
      0.0734015852,
      0.05840136,
      0.0439829826,
      0.0300998241,
      0.01670526,
      0.00375266373,
      -0.008804604,
      -0.0213792287,
      -0.0327647775,
      -0.0420380756,
      -0.0487919338,
      -0.05208159,
      -0.0525961369,
      -0.0506630577,
      -0.04656318,
      -0.04106873,
      -0.0349519476,
      -0.0283797383,
      -0.0217407383,
      -0.015662957,
      -0.009736017
    ],