{
  "name": "Monster1_Skill_C",
  "rootMotion": {
    "length": 1.66666675,
    "frameRate": 60,
    "tx": [
      -0.0229906421,
      0.03866507,
      0.08113919,
      0.065387696,
      0.03181629,
      0.009362139,
      -0.00661318377,
      -0.006271282,
      -0.004105455,
      -0.018925149,
      -0.0279436316,
      -0.00513583235,
      0.02097383,
      0.0252852328,
      0.0235504024,
      0.0241780467,
      0.0240981337,
      0.0229480471,
      0.020924136,
      0.0182638355,
      0.0152045833,
      0.01169819,
      0.008295941,
      0.004869316,
      0.00331936684,
      0.00708308769,
      0.0114239557,
      0.0118103288,
      0.0110649355,
      0.0114262858,
      0.0101151783,
      0.000360109843,
      -0.00362302875,
      0.0165170357,
      0.04160094,
      0.05573034,
      0.06741476,
      0.0813169554,
      0.0930786,
      0.09938107,
      0.101768069,
      0.09996008,
      0.0961081162,
      0.0925895,
      0.08872036,
      0.08453904,
      0.08008388,
      0.0753932148,
      0.07050539,
      0.06543746,
      0.05981048,
      0.05306876,
      0.0446566343,
      0.033615917,
      0.0222348068,
      0.0112907887,
      0.00420336425,
      0.006189692,
      0.0126352068,
      0.0213580467,
      0.0302764773,
      0.03618379,
      0.0402724221,
      0.04254869,
      0.04326718,
      0.0430784672,
      0.04263314,
      0.0421026871,
      0.0419472046,
      0.04325024,
      0.04709534,
      0.05443169,
      0.0638468638,
      0.07532917,
      0.08563496,
      0.09088166,
      0.0927846,
      0.0924328044,
      0.0909153,
      0.08873959,
      0.08571334,
      0.08187592,
      0.07726671,
      0.07192505,
      0.06589033,
      0.05923798,
      0.0521524549,
      0.0448366627,
      0.03749352,
      0.0302587561,
      0.0229263231,
      0.01526685,
      0.00755530968,
      -0.00032214215,
      -0.00742829638,
      -0.0127452966,
      -0.01662828,
      -0.0187808741,
      -0.0201397333,
      -0.0216064341,
      -0.0229905527
    ],
    "ty": [
      0.978104234,
      0.793355346,
      0.639068961,
      0.571967542,
      0.543734133,
      0.5166163,
      0.5156428,
      0.5653827,
      0.629463255,
      0.678192,
      0.716097057,
      0.7343166,
      0.743327439,
      0.7523879,
      0.759667337,
      0.765458941,
      0.770056,
      0.7737517,
      0.7768392,
      0.77910316,
      0.779982,
      0.7792499,
      0.776681,
      0.7787976,
      0.765723348,
      0.702041268,
      0.640905,
      0.6362891,
      0.6503092,
      0.6600991,
      0.673321366,
      0.691011965,
      0.714206755,
      0.743941545,
      0.7812523,
      0.834632158,
      0.879395664,
      0.88531816,
      0.8780998,
      0.8758042,
      0.873048246,
      0.869818568,
      0.866101861,
      0.8618847,
      0.8571537,
      0.8518956,
      0.846096933,
      0.8397444,
      0.8328245,
      0.826223135,
      0.8169411,
      0.801446438,
      0.7826981,
      0.7645918,
      0.751023233,
      0.7436835,
      0.7403278,
      0.7389484,
      0.7375376,
      0.73531276,
      0.732988238,
      0.730802,
      0.7289919,
      0.727795839,
      0.7274516,
      0.728197157,
      0.7302703,
      0.733909,
      0.7393511,
      0.74681735,
      0.758452,
      0.777378142,
      0.806719,
      0.851838946,
      0.8984731,
      0.934135,
      0.9611852,
      0.978233457,
      0.988757551,
      0.996006,
      1.00322723,
      1.01060879,
      1.01626122,
      1.02031875,
      1.02291548,
      1.02418554,
      1.02426326,
      1.02328253,
      1.0213778,
      1.01868308,
      1.01533246,
      1.01146019,
      1.00720036,
      1.00268722,
      0.9980549,
      0.9934375,
      0.988969266,
      0.985148966,
      0.9822254,
      0.9799575,
      0.978104353
    ],
    "tz": [
      -0.017251173,
      0.249646112,
      0.496548742,
      0.685015738,
      0.8503914,
      1.01829064,
      1.17946041,
      1.321643,
      1.47946811,
      1.70390069,
      1.93367684,
      2.12192822,
      2.27643347,
      2.38092923,
      2.46067286,
      2.5378356,
      2.6062398,
      2.66799283,
      2.7252028,
      2.77997732,
      2.834424,
      2.89065075,
      2.95076513,
      3.00749373,
      3.08667326,
      3.23427677,
      3.38141441,
      3.47097254,
      3.530417,
      3.5661,
      3.58437324,
      3.58022141,
      3.55414629,
      3.52077556,
      3.49473667,
      3.48248887,
      3.479291,
      3.482968,
      3.49134612,
      3.50225,
      3.51350522,
      3.5229373,
      3.52837181,
      3.53054833,
      3.53179741,
      3.53233123,
      3.53236175,
      3.532101,
      3.531761,
      3.53155375,
      3.53169131,
      3.53238559,
      3.533849,
      3.53890467,
      3.54944086,
      3.56426764,
      3.58219361,
      3.60202885,
      3.622582,
      3.642663,
      3.6610806,
      3.6766448,
      3.68816447,
      3.696047,
      3.70227,
      3.7079978,
      3.71439457,
      3.72262454,
      3.73385239,
      3.74924231,
      3.769959,
      3.797166,
      3.83202863,
      3.86987734,
      3.905319,
      3.93843174,
      3.96929455,
      3.997986,
      4.024585,
      4.049169,
      4.0718174,
      4.09260941,
      4.11162233,
      4.130375,
      4.150277,
      4.17124653,
      4.193199,
      4.21605253,
      4.23972368,
      4.264129,
      4.289187,
      4.31481361,
      4.340926,
      4.36744165,
      4.394277,
      4.42134953,
      4.4485755,
      4.475873,
      4.50315857,
      4.530349,
      4.5573616
    ],
    "qx": [
      -0.009735674,
      0.2913127,
      0.5238701,
      0.554112434,
      0.509548366,
      0.476206481,
      0.444703,
      0.4459665,
      0.445088983,
      0.4028375,
      0.363115221,
      0.3670241,
      0.3837346,
      0.3944199,
      0.405791581,
      0.417617559,
      0.429665774,
      0.441704035,
      0.4535003,
      0.4644738,
      0.473980963,
      0.481695175,
      0.487289846,
      0.493517429,
      0.49229753,
      0.475400329,
      0.4454148,
      0.398187935,
      0.3457164,
      0.299110919,
      0.256875277,
      0.2309723,
      0.192134425,
      0.104379646,
      -0.000182278323,
      -0.112207249,
      -0.199382,
      -0.211335078,
      -0.192898721,
      -0.172603592,
      -0.148981735,
      -0.131747514,
      -0.115884691,
      -0.09942797,
      -0.08291493,
      -0.06609906,
      -0.04873386,
      -0.0305728018,
      -0.01136937,
      0.007794142,
      0.03060399,
      0.0617511235,
      0.097028926,
      0.135325342,
      0.172047168,
      0.201354265,
      0.225630254,
      0.246041387,
      0.263753921,
      0.2799341,
      0.295748234,
      0.311835438,
      0.327695876,
      0.3427877,
      0.356569022,
      0.368497878,
      0.3780324,
      0.38463062,
      0.387750655,
      0.387020141,
      0.383091182,
      0.376958668,
      0.3696174,
      0.361454278,
      0.351635218,
      0.339323729,
      0.3236834,
      0.30458793,
      0.282798856,
      0.258811474,
      0.2331211,
      0.206223011,
      0.178612515,
      0.150784925,
      0.123235479,
      0.09599984,
      0.0699934,
      0.0454760864,
      0.0240887627,
      0.00761197135,
      -0.00411247835,
      -0.009833738,
      -0.0119979605,
      -0.0123523092,
      -0.01174438,
      -0.0119115943,
      -0.0119325994,
      -0.0112808757,
      -0.0105089266,
      -0.01008165,
      -0.009735696
    ],